Price,Close,High,Low,Open,Volume
Ticker,AAPL,AAPL,AAPL,AAPL,AAPL
Date,,,,,
2023-01-03,123.47061920166016,129.22606012096526,122.58212678977998,128.61399342864948,112117500
2023-01-04,124.74412536621094,127.01471627825023,123.48049504473303,125.26734659008874,89113600
2023-01-05,123.42125701904297,126.1360903730334,123.16458728849297,125.50427521319664,80962700
2023-01-06,127.96243286132812,128.62386318797923,123.29292365349042,124.39860396256954,87754700
2023-01-09,128.48565673828125,131.70397802412538,128.22898699932045,128.80157186038267,70790800
2023-01-10,129.05824279785156,129.5814640429866,126.48161843097465,128.59425187274505,63896200
2023-01-11,131.78294372558594,131.8026771210122,128.7916923794983,129.57158328133335,69458900
2023-01-12,131.70396423339844,132.5430854442494,129.75915527463124,132.16795510561155,71379600
2023-01-13,133.03668212890625,133.19463966232263,129.97633400317605,130.3415976184994,57809700
2023-01-17,134.20162963867188,135.53435707802646,132.41477795673228,133.1058234879157,63646600
2023-01-18,133.48094177246094,136.83745656269951,133.30323577852656,135.0703537024429,69672800
2023-01-19,133.54017639160156,134.50763996952077,132.05935833689125,132.3653916580124,58280400
2023-01-20,136.10690307617188,136.25499390289588,132.50358558076502,133.55002780951733,80223600
2023-01-23,139.30551147460938,141.48725702280552,136.1365537453342,136.35374163026458,81760300
2023-01-24,140.7073211669922,141.32926952973608,138.50584268721101,138.5157093840139,66435100
2023-01-25,140.04591369628906,140.60861677861874,137.03491367991992,139.0883167228264,65799300
2023-01-26,142.11904907226562,142.40533393014599,140.08537965694651,141.33914314056878,54105100
2023-01-27,144.06385803222656,145.34723680622537,141.25031251687773,141.3292912944412,70555800
2023-01-30,141.17132568359375,143.68871946900538,141.02324989890042,143.10626796433064,64015300
2023-01-31,142.44482421875,142.49418783542103,140.46053336332577,140.87516062877287,65874500
2023-02-01,143.57022094726562,144.73513883503225,139.5127944552672,142.1288999932449,77663600
2023-02-02,148.89132690429688,149.24670877710787,146.27520596359832,146.99586653400996,118339000
2023-02-03,152.5242462158203,155.367421451088,145.93954431951425,146.13698369670587,154357300
2023-02-06,149.7896728515625,151.14216353764462,148.85182446235734,150.6189423816567,69858300
2023-02-07,152.67234802246094,153.24493285853742,148.71363285221915,148.71363285221915,83322600
2023-02-08,149.9772491455078,152.60323674930237,149.23684012618935,151.91219134400382,64120100
2023-02-09,148.940673828125,152.35643407265164,148.49643142830433,151.81346444457745,56007100
2023-02-10,149.30650329589844,149.6327824911062,147.53670230127932,147.77400037597405,57450700
2023-02-13,152.11448669433594,152.5198501850578,149.21753098880535,149.24719136406156,62199000
2023-02-14,151.47178649902344,152.03536371466862,149.158187068462,150.40396789568928,61707600
2023-02-15,153.57777404785156,153.745854522139,151.1554147270533,151.38281594677636,65573800
2023-02-16,151.97607421875,154.56651436571883,151.6201346111262,151.77831825822219,68167900
2023-02-17,150.8291473388672,151.2740680510971,149.1483273778538,150.63140647639398,59144100
2023-02-21,146.80503845214844,149.59323413897312,146.735835945734,148.50563686680903,58867200
2023-02-22,147.23020935058594,148.2584708875877,145.4999504020457,147.19065212608928,51011300
2023-02-23,147.7146759033203,148.64407457569817,145.57905341345287,148.39689471971093,48394200
2023-02-24,145.0550537109375,145.52963487686296,144.07621591246942,145.45053550143152,55469600
2023-02-27,146.25137329101562,147.48727255329774,145.7866739614647,146.04375066348234,44998500
2023-02-28,145.74713134765625,147.3982909462784,145.17367228142913,145.39119175781394,50547000
2023-03-01,143.6708221435547,145.56916169404062,143.37420328858403,145.1736799451875,55479000
2023-03-02,144.2640838623047,145.05506257830933,142.2767477639267,142.751344045528,52238100
2023-03-03,149.3262939453125,149.4053933099208,145.66803508048022,146.3700174255545,70732300
2023-03-06,152.0947265625,154.53686499973716,151.72890516544965,152.05516933291133,87558000
2023-03-07,149.889892578125,152.29247388732216,149.42519317412447,151.9661946194071,56182000
2023-03-08,151.14553833007812,151.7387760380252,150.11727673451966,151.08621757661572,47204800
2023-03-09,148.89125061035156,152.79668921738386,148.53531102339875,151.82774843104707,53833600
2023-03-10,146.8248291015625,149.23730682187812,145.94486944980744,148.51554589298388,68572400
2023-03-13,148.77261352539062,151.4124925875259,146.03385648579933,146.1426162263365,84457100
2023-03-14,150.86871337890625,151.66957380513296,148.40681134075203,149.57349317484446,73695900
2023-03-15,151.26417541503906,151.52123700910988,148.22879983662045,149.48447760738804,77167900
2023-03-16,154.09193420410156,154.69505367945354,149.9294186304983,150.4435569750594,76161100
2023-03-17,153.2515106201172,154.97188784795392,152.53963142836827,154.31932940774055,98944600
2023-03-20,155.6244354248047,156.03971087014546,152.4110972116962,153.3207323821306,73641400
2023-03-21,157.4832305908203,157.60187209543255,154.77413390443738,155.5453489444009,73938300
2023-03-22,156.04959106445312,160.31096943804832,156.029812451383,157.50300984854792,75701800
2023-03-23,157.13717651367188,159.7276317574304,155.90127718884906,157.03831361968307,67622100
2023-03-24,158.44229125976562,158.53127238912836,156.06937062345713,157.06797183296018,59196500
2023-03-27,156.4945068359375,158.9564235953307,156.08912825748425,158.13578467553296,52390300
2023-03-28,155.87159729003906,156.70213299816345,154.22043780927265,156.1879947191645,45992200
2023-03-29,158.9564208984375,159.23326112130354,157.5524411719995,157.57220469744664,51305700
2023-03-30,160.52847290039062,160.63723263142947,159.45077243888025,159.70783403649028,49501700
2023-03-31,163.03982543945312,163.1387034155815,160.08356404514288,160.60758412796915,68749800
2023-04-03,164.29551696777344,164.41415847965385,162.36751696640553,162.41695595857647,56976200
2023-04-04,163.76158142089844,164.95792331758295,163.24744316398008,164.7206403425892,46278300
2023-04-05,161.91268920898438,163.1881457283857,159.9748075653386,162.88164511746857,51511700
2023-04-06,162.80255126953125,163.0991701273508,160.1725538630794,160.5976959928467,45390100
2023-04-10,160.2022247314453,160.2022247314453,158.27422465935098,159.59910521282475,47716900
2023-04-11,158.986083984375,160.52848384854775,158.6993469072352,160.5186020856557,47644200
2023-04-12,158.29397583007812,160.23185733032426,157.97757839276272,159.40133668736163,50133100
2023-04-13,163.6923828125,163.92968090167284,159.59908506589906,159.8067227797579,68445600
2023-04-14,163.34632873535156,164.44380780578675,161.97200945675792,162.7333124858637,49386500
2023-04-17,163.3660888671875,163.52428757903846,162.1796287016244,163.2276687659828,41516200
2023-04-18,164.59210205078125,165.52150060084674,163.78134498824443,164.22628073979516,49923000
2023-04-19,165.739013671875,166.26303367049857,163.67257896146242,163.9296556234232,47720200
2023-04-20,164.7700653076172,165.97630406053003,163.6923648914332,164.2163849134918,52456400
2023-04-21,163.15846252441406,164.57232387674088,162.6344425042284,163.1881228963748,58337300
2023-04-24,163.46498107910156,163.73193954278202,162.04122272168698,163.13870186497232,41949600
2023-04-25,161.92257690429688,164.43391748853472,161.88301968061162,163.32655661191464,48714100
2023-04-26,161.91268920898438,163.41554697412082,160.96352700012233,161.22058862196803,45498800
2023-04-27,166.51025390625,166.65855579595313,163.32657592288362,163.32657592288362,64902300
2023-04-28,167.7659149169922,167.9340105056485,165.98623191391812,166.58935140303254,55275900
2023-05-01,167.6769256591797,168.52722497825897,166.7376452115908,167.37042504765017,52472900
2023-05-02,166.6387481689453,168.42834281753628,165.65002884530062,168.1712661379265,48425700
2023-05-03,165.56103515625,168.99189215573168,165.2743132122935,167.58791263315675,65136000
2023-05-04,163.91976928710938,165.1556684360722,162.45646891900202,163.02992793451995,81235400
2023-05-05,171.61203002929688,172.33379095243657,168.8337158986843,169.05123536921852,113453200
2023-05-08,171.54283142089844,171.88888927687347,170.16851193401882,170.53433331738626,55962800
2023-05-09,169.83233642578125,171.58235891028352,169.66425593732595,171.09789605728315,45326900
2023-05-10,171.6021270751953,172.0668263741992,169.96084934197563,171.06822526711633,53724500
2023-05-11,171.7899932861328,172.62051394942262,170.22781484613878,171.88887125937896,49514700
2023-05-12,170.8593292236328,172.3345492571858,169.3048853057611,171.89890853860956,45533100
2023-05-15,170.36427307128906,171.49297161869612,169.77021484316816,171.44346424843133,37266700
2023-05-16,170.36427307128906,171.42365827881974,170.09694535788182,170.28506430037106,42110300
2023-05-17,170.97813415527344,171.2157453771671,168.7306323338431,170.00785308163907,57951600
2023-05-18,173.31471252441406,173.50283145007626,170.86919670585942,171.28503138533677,65496700
2023-05-19,173.42364501953125,174.64144781679403,173.20582466782196,174.64144781679403,55809500
2023-05-22,172.47312927246094,172.97808324363118,171.73056412194157,172.2553089530398,43570900
2023-05-23,169.8593292236328,171.66129487805824,169.58210606257185,171.4137731194303,50747300
2023-05-24,170.13653564453125,170.71078788094945,168.82962874348078,169.39397044171028,45143500
2023-05-25,171.27516174316406,172.17612946392208,169.9880455752579,170.70090944955888,56058300
2023-05-26,173.69094848632812,174.0275895351184,171.39395459047836,171.60187949980389,54835000
2023-05-30,175.5424346923828,177.21568420222022,174.81967538543662,175.20580872558915,55964400
2023-05-31,175.49290466308594,177.57209321550437,175.0077566388477,175.57211342872856,99625300
2023-06-01,178.30474853515625,178.33444993394386,175.17607026429087,175.93844141740337,68901800
2023-06-02,179.15623474121094,179.97800874169684,177.48298533965166,179.2354435119536,61996900
2023-06-05,177.7998046875,183.11656642752385,176.2750624238164,180.81957270938136,121946500
2023-06-06,177.43348693847656,178.33445457100666,175.6711182885981,178.18594757320713,64848400
2023-06-07,176.05726623535156,179.41366034455214,175.56222276728346,176.67111530134713,61944600
2023-06-08,178.77999877929688,179.04731136486936,175.70082791608735,176.1364534617516,50214900
2023-06-09,179.1661376953125,180.42353722036253,178.8394071951532,179.70077799078283,48900000
2023-06-12,181.9680633544922,182.0670780867689,179.17602617310777,179.4730552624109,54274900
2023-06-13,181.4928436279297,182.32451307330234,180.63147278147434,180.98790470199526,54929100
2023-06-14,182.1265106201172,182.5621513412214,180.21564985689943,181.55225831570974,57462900
2023-06-15,184.16607666015625,184.67103069686027,181.95818688950908,182.13641040467775,65433200
2023-06-16,183.08689880371094,185.1363862861082,182.44334825251562,184.87895397960628,101256200
2023-06-20,183.17599487304688,184.25520121093788,182.5819517231594,182.5819517231594,49799100
2023-06-21,182.13641357421875,183.57203672168455,180.77998409317422,183.0670826761933,49515700
2023-06-22,185.14627075195312,185.19577812392734,181.84927919785179,181.91859254012144,51245300
2023-06-23,184.82943725585938,185.70071866604846,183.17599374881706,183.71064919871634,53117000
2023-06-26,183.4334259033203,186.18586660248252,183.39381396241686,184.9779592329188,48088700
2023-06-27,186.19577026367188,186.5225008066865,183.8294627923201,184.04728315432985,50730800
2023-06-28,187.3739471435547,188.0174975900725,185.7403097900696,186.0670251747448,51216800
2023-06-29,187.7105712890625,188.1858238773272,187.06702084863718,187.20563240999925,46347300
2023-06-30,192.0471649169922,192.55210381756805,189.36402266288647,189.73036510372253,85213200
2023-07-03,190.55215454101562,191.95807629669292,189.8590815409033,191.85906155166862,31458200
2023-07-05,189.43333435058594,191.06697174397888,188.73036598215447,189.67096065277283,46920300
2023-07-06,189.9085693359375,190.11649423604223,187.32444187549908,187.95809689875657,45094300
2023-07-07,188.78977966308594,190.7600582083635,188.35415407859097,189.51255404191053,46815000
2023-07-10,186.7402801513672,188.1066048297656,185.1858365555051,187.38383055661282,59922200
2023-07-11,186.21556091308594,187.4234682366511,184.75023641356677,187.28485666382537,46638100
2023-07-12,187.8887939453125,189.7996543975007,186.60167796269752,187.79967464320742,60750200
2023-07-13,188.65115356445312,189.2947191217671,187.8986929500458,188.61155673528532,41342300
2023-07-14,188.7996826171875,189.28481555311026,187.75019286903466,188.3442359735881,41616200
2023-07-17,192.0669708251953,192.39370132812152,189.9085734412509,189.9976776399959,50520200
2023-07-18,191.80953979492188,192.40359800546008,190.51252831302557,191.433317028607,48288200
2023-07-19,193.1659698486328,196.26493172677777,190.74024473686075,191.18579595006162,80507300
2023-07-20,191.21551513671875,194.52240222913113,190.59175546623806,193.15607727761312,59581200
2023-07-21,190.0373077392578,193.03727024392953,189.33433929774543,192.17589935868594,71951700
2023-07-24,190.83926391601562,192.9778554020486,190.34422042985216,191.4927249435582,45377800
2023-07-25,191.70062255859375,192.51250107589357,191.0075647435374,191.4135040021873,37283200
2023-07-26,192.5718994140625,193.70059786031172,191.40360413966724,191.75012548540775,47471900
2023-07-27,191.30458068847656,195.2451220868233,190.64122431769522,194.07682686567816,47460200
2023-07-28,193.8887176513672,194.6807901855661,192.21546838859783,192.7402132321551,48291400
2023-07-31,194.5026092529297,194.5422211974479,193.32440317776312,194.11647588529388,38824100
2023-08-01,193.67091369628906,194.77980627337752,193.34418318178373,194.29467332466547,35175100
2023-08-02,190.67095947265625,193.24517665133837,189.94820018063527,193.10656507331342,50389300
2023-08-03,189.27491760253906,190.46301890335675,188.79968010371752,189.67096144116343,61235200
2023-08-04,180.1859588623047,185.5225277890391,180.11664551288445,183.6809651573304,115956800
2023-08-07,177.07704162597656,181.31461219425503,175.59191133034085,180.3245253304979,97576100
2023-08-08,178.0176239013672,178.48296594319257,175.81962982094473,177.9087137403543,67823000
2023-08-09,176.42359924316406,179.13642786663587,175.25528876502239,179.07702506576103,60378500
2023-08-10,176.20578002929688,178.95822060931928,175.8394526832055,177.70080592181807,54686900
2023-08-11,176.26527404785156,177.08815781935616,175.03591791571532,175.7993186650753,52036700
2023-08-14,177.92095947265625,178.14898275911253,175.78938877461678,176.44373225185288,43675600
2023-08-15,175.92819213867188,177.94078172124355,175.53162857549793,177.34593637648265,43622600
2023-08-16,175.0557403564453,177.00883168990967,174.98633341606396,175.61093536777827,46964900
2023-08-17,172.50779724121094,175.98769046364208,171.99225246191062,175.6208683794121,66062900
2023-08-18,172.9935760498047,173.59834528388794,170.48527458580276,170.82235510894964,61172200
2023-08-21,174.33201599121094,174.6195374615467,172.25003438777193,173.5686303005825,46311900
2023-08-22,175.71006774902344,176.15620551446153,174.73847648439144,175.5415274877659,42038900
2023-08-23,179.56671142578125,179.99303161559698,176.80064510070915,176.9890180826326,52722800
2023-08-24,174.86737060546875,179.54689311295104,174.50053343712446,179.12057292485625,54945800
2023-08-25,177.07821655273438,177.6135787817926,174.31215063473297,175.8587694385985,51449600
2023-08-28,178.6446990966797,179.04126265908485,177.0187642861302,178.5455506421133,43820700
2023-08-29,182.54098510742188,183.31429463018617,177.96061099136716,178.15889276911417,53003900
2023-08-30,186.04071044921875,186.23900735465395,183.1556780614674,183.35395983897268,60813900
2023-08-31,186.25881958007812,187.49809956371718,185.8721648302999,186.22907807070516,60794500
2023-09-01,187.83517456054688,188.2912210727348,186.66528651811905,187.86491606664922,45766500
2023-09-05,188.0731201171875,188.350717612699,186.00104769428793,186.66529992482816,45280000
2023-09-06,181.3413543701172,187.2304149251444,179.91370149278592,186.78426205503195,81755800
2023-09-07,176.0372314453125,176.68166607969957,172.0517029915355,173.6776376395152,112488800
2023-09-08,176.65191650390625,178.69426259870855,176.26526175899272,176.82047189213844,65551300
2023-09-11,177.82180786132812,178.7537488345446,175.81912716109244,178.52572555213936,58953100
2023-09-12,174.7880401611328,178.58519559094336,173.32073699502078,177.95068488711692,90370200
2023-09-13,172.7159881591797,175.77948480311008,172.48794973853728,174.99625134216151,84267900
2023-09-14,174.2328643798828,174.58977763559852,172.09138484558866,172.50778112260195,60895800
2023-09-15,173.50909423828125,174.9863213204115,172.329312484714,174.96648860625493,109259500
2023-09-18,176.44371032714844,177.8416216381054,174.65914430549358,174.96648328990372,67257600
2023-09-19,177.5343017578125,178.08949677364237,175.61093679016653,175.99759154247158,51826900
2023-09-20,173.98501586914062,178.15890274128645,173.89577620541897,177.7226737290678,58436200
2023-09-21,172.43836975097656,174.78805492740332,172.3689779372214,173.0530629204369,63149100
2023-09-22,173.29098510742188,175.56135441857745,172.55734106823024,173.17201907467273,56725400
2023-09-25,174.5699462890625,175.45231307707115,172.65649003070402,172.70606425815106,46172700
2023-09-26,170.48524475097656,173.69744820836135,170.18781458286733,173.32071744815465,64588900
2023-09-27,168.9683837890625,171.5560010147378,167.6002289663342,171.13960475321795,66921800
2023-09-28,169.22616577148438,170.55467030699108,166.18248681585104,167.88773731405627,56294400
2023-09-29,169.74169921875,171.58574835004075,168.87915010499984,170.54475018871184,51861100
2023-10-02,172.25990295410156,172.80518912572896,169.46408028935463,169.75160169254372,52164500
2023-10-03,170.92149353027344,172.14095595651972,169.3550569046923,170.78269477378157,49594600
2023-10-04,172.1707000732422,172.71598631340495,169.5037670214799,169.62273306372262,53020300
2023-10-05,173.40997314453125,173.94533544106068,171.19908676207933,172.29956799243436,48527900
2023-10-06,175.9678497314453,176.46356172729125,171.69479961979252,172.30949278163357,57266700
2023-10-09,177.45497131347656,177.51445432768062,174.2923266162491,175.29365932051672,42390800
2023-10-10,176.860107421875,178.17870301308767,176.4238784890915,176.5726011495921,43698000
2023-10-11,178.2580108642578,178.30758508223448,176.07688142463152,176.6717266565692,47551100
2023-10-12,179.16021728515625,180.7762279340573,177.50452608120557,178.52570660256114,56743100
2023-10-13,177.316162109375,180.36973426316322,176.61224451765878,179.8641135443321,51427100
2023-10-16,177.18731689453125,177.54423017672073,174.99626297065927,175.23421020142933,52517000
2023-10-17,175.63076782226562,176.8898806260753,173.30093033620963,175.13505578762425,57549400
2023-10-18,174.33201599121094,176.05709942943042,173.60828060962965,174.07425116257517,54764400
2023-10-19,173.9552459716797,176.31482459139443,173.68755728005698,174.53025852712355,59302900
2023-10-20,171.3973846435547,173.91559492791032,171.15943743932888,173.80653768363138,64244000
2023-10-23,171.51634216308594,172.51767489960218,168.4726633962427,169.4442697526279,55980100
2023-10-24,171.95257568359375,172.18059896074934,169.97963653831403,171.56592094062157,43816600
2023-10-25,169.6326446533203,171.57582713235345,169.1864917714858,170.40595412753765,57157000
2023-10-26,165.45875549316406,169.91025482669738,164.24921696829185,168.90890687614655,70625300
2023-10-27,166.77735900878906,167.5110182699133,165.39928015046561,165.47859589177074,58499100
2023-10-30,168.82955932617188,169.70201714769797,167.4217392864812,167.5704619394744,51131000
2023-10-31,169.3054656982422,169.43434051981868,166.4600687836398,167.89764555846892,44846000
2023-11-01,172.47802734375,172.73579212701503,168.66103905073186,169.5334969755198,56934900
2023-11-02,176.04718017578125,176.2553707597914,173.95527477340474,174.01475779740764,77334800
2023-11-03,175.13502502441406,175.3035803991637,171.86333827281126,172.74570493436423,79829200
2023-11-06,177.6929168701172,177.8911986418375,174.69882732290304,174.86736758526175,63841300
2023-11-07,180.26071166992188,180.87538968418906,177.4351473327296,177.64333789269085,70530000
2023-11-08,181.321533203125,181.87672821790486,180.03267898856913,180.78617090399572,49340300
2023-11-09,180.8456573486328,182.54098393459674,180.2507968912838,181.39094357988108,53763500
2023-11-10,185.0448760986328,185.21365353801235,182.1957456895483,182.63254933718324,66133400
2023-11-13,183.45652770996094,184.67758150620577,182.87082057942214,184.46911666550656,43627500
2023-11-14,186.07733154296875,186.74245888927783,184.94561983989882,186.33543591459554,60108400
2023-11-15,186.64317321777344,188.12234646111898,186.41484954526325,186.48434792046902,53790500
2023-11-16,188.3308563232422,189.57176909575145,187.2785495679511,188.1918746986356,54412900
2023-11-17,188.31097412109375,188.99596031021713,187.19912126214516,188.86690055056806,50922700
2023-11-20,190.0581817626953,190.51484429092645,188.4996033239707,188.50952517211448,46505100
2023-11-21,189.2540740966797,190.12768147094766,188.36062302598555,190.01848054916417,38134500
2023-11-22,189.919189453125,191.52740733771327,189.4426832554431,190.09788874466753,39617700
2023-11-24,188.5889434814453,189.51217522879531,187.87417657801197,189.48239453680722,24048300
2023-11-27,188.41026306152344,189.2838705083405,187.5267337656693,188.5393228383108,40552600
2023-11-28,189.01580810546875,189.690872461515,188.02307798905798,188.4003202806091,38415400
2023-11-29,187.99330139160156,190.69352857887446,187.5962153955331,189.5121772909601,43014200
2023-11-30,188.569091796875,188.93641225844013,186.82189215984647,188.45989087281944,48794400
2023-12-01,189.84971618652344,190.16738195236098,187.85431892352926,188.94632812953898,45704800
2023-12-04,188.05287170410156,188.6683747194466,186.08727017888344,188.5988763355123,43389500
2023-12-05,192.01385498046875,192.9867262414063,188.79740398889692,188.82719982806023,66628400
2023-12-06,190.92185974121094,193.3441084564195,190.71337975554792,193.03636454966008,41089700
2023-12-07,192.85768127441406,193.5823700079149,192.18261692775607,192.22233461466143,47477700
2023-12-08,194.2872314453125,194.56519468567552,192.26205338225554,192.78819916921847,53406400
2023-12-11,191.77560424804688,192.08336332058192,190.02840462687192,191.70612101402028,60943700
2023-12-12,193.2944793701172,193.30440121762786,190.32621099568146,191.67632450221151,52696900
2023-12-13,196.52084350585938,196.5605460420224,193.43345250504257,193.67169801773704,70404200
2023-12-14,196.66976928710938,198.16878635020208,194.73394853732478,196.58042720970235,66831600
2023-12-15,196.1337127685547,196.9576655039482,195.56784928391744,196.09399507777627,128538400
2023-12-18,194.4658966064453,195.20052232582978,192.9768014723469,194.66443959475328,55751900
2023-12-19,195.5082550048828,195.5181768519779,194.46588544128923,194.73392679143802,40714100
2023-12-20,193.41360473632812,196.24287639656293,193.41360473632812,195.46854814025792,52242800
2023-12-21,193.2646942138672,195.64725561182692,192.09327993279487,194.674384326953,46482500
2023-12-22,192.1925811767578,193.98942049361074,191.56715627611524,193.76108163117405,37149600
2023-12-26,191.64654541015625,192.48043504376977,191.42814358023,192.20247183256527,28919300
2023-12-27,191.74581909179688,192.09328069742187,189.7007974418798,191.09062871652011,48087700
2023-12-28,192.1726837158203,193.24483398097485,191.7656607623355,192.72861011674675,34049900
2023-12-29,191.1303253173828,192.98672576072192,190.33613820624774,192.4903607097449,42672100
2024-01-02,184.2904052734375,187.07005243391947,182.55312769161858,185.78942219080653,82488700
2024-01-03,182.9105224609375,184.52867738484042,182.0964765011294,182.88074176951616,58414500
2024-01-04,180.58753967285156,181.7589539428833,179.5650288616003,180.82578520690032,71983600
2024-01-05,179.86282348632812,181.4313387856725,178.8601715873943,180.66694755236284,62379700
2024-01-08,184.21099853515625,184.2507162227342,180.18051667398524,180.76622380895435,59144500
2024-01-09,183.79405212402344,183.80397397190293,181.40156892129536,182.58292017691045,42841800
2024-01-10,184.83644104003906,185.04490590225782,182.5829392119836,183.0098210810569,46792900
2024-01-11,184.24078369140625,185.69017636593313,182.28510409693843,185.1838742981323,49128400
2024-01-12,184.56837463378906,185.382420570264,183.84368591687618,184.7073562390581,40477800
2024-01-16,182.2950439453125,182.9204536449405,179.61466039771227,180.83572939974707,65603000
2024-01-17,181.3519287109375,181.6001112377356,178.98924135636386,179.95219077216925,47317400
2024-01-18,187.25868225097656,187.76496914507203,184.47903496158258,184.73713933247967,78005800
2024-01-19,190.16737365722656,190.55453778649462,187.4473029046773,187.9535897974558,68903000
2024-01-22,192.48045349121094,193.90998737033232,190.86229845472488,190.9020161446229,60133900
2024-01-23,193.7610626220703,194.3269260762536,192.42088601370864,193.60223731108647,42355600
2024-01-24,193.0860137939453,194.95235131957728,192.9271733347724,193.9993237123997,53631300
2024-01-25,192.7584228515625,194.84316234947465,191.70613125374697,193.80079260051858,54822100
2024-01-26,191.0211181640625,193.3441028913112,190.54461197208147,192.85767485186383,44594000
2024-01-29,190.3361358642578,190.80272021826386,188.20177223046258,190.614099077556,47145600
2024-01-30,186.67295837402344,190.4056331853674,186.10711010289756,189.5518847070131,55859400
2024-01-31,183.05941772460938,185.73980101543498,183.00979333970113,185.68022448739953,55467800
2024-02-01,185.5015411376953,185.5908832083414,182.48364839562151,182.6524106894615,64885400
2024-02-02,184.49888610839844,185.96812234304272,177.94686171013706,178.55242764739413,102551700
2024-02-05,186.31558227539062,187.87417583998953,184.48896248395178,186.78216664518396,69668800
2024-02-06,187.923828125,187.93374997367698,185.4122219544124,185.50156403608693,43490800
2024-02-07,188.0330047607422,189.66108145721643,187.23881768122482,189.2540584961332,53439000
2024-02-08,186.950927734375,188.16204444280885,185.98797838719426,188.01314099648533,40962000
2024-02-09,187.71630859375,188.8494643803939,186.8714052160575,187.5174970927484,45155200
2024-02-12,186.02650451660156,187.537383976275,185.66866504371018,187.28888476363343,41781900
2024-02-13,183.92918395996094,185.09217370700773,182.4083698811328,184.6548126341336,56529500
2024-02-14,183.0445098876953,184.41623036442274,181.34478380471282,184.20749952407863,54630500
2024-02-15,182.7562713623047,183.3824942652778,180.26134459364147,182.44813474883824,65434500
2024-02-16,181.215576171875,183.7403368438813,180.57941874936438,182.31891336045317,49752500
2024-02-20,180.47006225585938,181.33483464555084,178.91942962585208,180.69867728023533,53665600
2024-02-21,181.22552490234375,181.79209525720324,179.57548638259638,180.8478012209779,41371400
2024-02-22,183.26319885253906,183.84966853541172,181.36467634977905,182.37854224114136,52292200
2024-02-23,181.42431640625,183.92917764586625,181.13604881484736,183.89935895257477,45119700
2024-02-26,180.0724639892578,181.66284976948523,179.56551591408572,181.14598235368476,40867400
2024-02-27,181.53366088867188,182.8159102315647,178.482083088638,180.0128468267154,54318900
2024-02-28,180.33091735839844,182.02070906977036,179.0486680197237,181.4143703487687,48953900
2024-02-29,179.66494750976562,181.47402922690614,178.45227002550848,180.1818301671186,136682600
2024-03-01,178.58148193359375,179.44625436004063,176.31517027538303,178.47214167082092,73563100
2024-03-04,174.04884338378906,175.83802546574708,172.74669485303102,175.09252787586883,81510100
2024-03-05,169.09873962402344,171.00721175997333,168.60174119797853,169.73489700267342,95132400
2024-03-06,168.10475158691406,170.2120353375331,167.6673905223103,170.03310800783655,68587700
2024-03-07,167.98545837402344,169.7050685827557,167.47852546870348,168.13455182641533,71765100
2024-03-08,169.70509338378906,172.65726551008456,167.9258455340773,167.98548292374957,76267000
2024-03-11,171.71295166015625,173.33317133974063,171.01715691552084,171.90181348381185,60139500
2024-03-12,172.19007873535156,172.98527928876703,169.9834044040384,172.1105571632911,59825400
2024-03-13,170.10267639160156,172.15030736266894,169.73488726374302,171.7328305288075,52488700
2024-03-14,171.96145629882812,173.26358975503445,171.0171623179081,171.87200022180366,72913500
2024-03-15,171.58372497558594,171.58372497558594,169.2677105816515,170.14243263043366,121752700
2024-03-18,172.6771240234375,176.64317668608956,172.47832769835546,174.5160241566181,75604200
2024-03-19,175.02296447753906,175.54978158656556,171.99127109820583,173.29340452493878,55215200
2024-03-20,177.597412109375,177.597412109375,174.0389016316341,174.66512448913912,53423100
2024-03-21,170.34124755859375,176.42451903095682,169.81443040365232,175.98715795881162,106181300
2024-03-22,171.24578857421875,172.0111704512642,169.0391141931604,170.7289059277682,71160100
2024-03-25,169.82437133789062,170.90782428626645,168.43276661931924,169.54605342761408,54288300
2024-03-26,168.69122314453125,170.39094937582044,168.5619986920605,168.97947557636294,57388400
2024-03-27,172.26959228515625,172.55785986634996,169.08880538680637,169.3870074763491,60273300
2024-03-28,170.45057678222656,171.1960744249358,169.4863986176142,170.71896018041463,65672700
2024-04-01,169.00927734375,170.22195467216173,168.46257606173032,170.16231728997553,46240500
2024-04-02,167.82643127441406,168.3234297194346,167.22009256480143,168.0649959882119,49329500
2024-04-03,168.63156127929688,169.6553768320082,167.56799252573734,167.7767233727702,47691700
2024-04-04,167.80654907226562,170.8879300889726,167.80654907226562,169.26771043200742,53704400
2024-04-05,168.56198120117188,169.3671161921521,167.93575835610383,168.57191570910442,42104800
2024-04-08,167.43878173828125,168.1842794442996,167.23005087422234,168.01530178433154,37425500
2024-04-09,168.65145874023438,169.05900112515698,167.33939066831408,167.6872804964856,42373800
2024-04-10,166.77279663085938,168.0749301271986,166.1068205360595,167.78667770328389,49709300
2024-04-11,173.98922729492188,174.40671937986235,167.15053828443874,167.32945046324997,91070300
2024-04-12,175.4901580810547,177.28929006742356,173.16420894399843,173.21389665591335,101670900
2024-04-15,171.6533203125,175.56967037066977,171.46445848220424,174.30729011068368,73531800
2024-04-16,168.36318969726562,172.71688554496447,167.2598525976239,170.71895735574867,73711200
2024-04-17,166.99147033691406,169.62555591523414,166.99147033691406,168.59180586766368,50901200
2024-04-18,166.0372314453125,167.62763251332663,165.55018268321453,167.02129381245496,43122900
2024-04-19,164.0094757080078,165.40106519259456,163.0950004513954,165.21221853676252,68149400
2024-04-22,164.84442138671875,166.25589498596477,163.7808527253039,164.52635030592455,48116400
2024-04-23,165.89805603027344,166.04716464714997,163.9299466584378,164.35737315952596,49537800
2024-04-24,168.00537109375,168.28368903028098,165.2122420517991,165.54024770277562,48251800
2024-04-25,168.87013244628906,169.58581142644354,167.14057238305094,168.51229295621184,50558300
2024-04-26,168.28366088867188,170.31140768247312,168.16437095925713,168.86018085141623,44838400
2024-04-29,172.4584503173828,174.97326108846298,172.06085765153782,172.3292258757486,68169400
2024-04-30,169.3074951171875,173.93952434742974,168.97947431756717,172.2894858404387,65934800
2024-05-01,168.28366088867188,171.67319360904702,168.0947990703537,168.56197877866052,50383100
2024-05-02,171.99127197265625,172.37893013348045,169.8641193422282,171.4743893691613,94214900
2024-05-03,182.27915954589844,185.8774235329829,181.56348055207545,185.52951854505613,163224100
2024-05-06,180.6191864013672,183.0942290168702,179.33692188523904,181.25534382134734,78569700
2024-05-07,181.30502319335938,183.79001537072006,180.23151991986552,182.34872294128857,77305800
2024-05-08,181.64300537109375,181.97102617972277,180.36074083125402,181.75234564063675,45057100
2024-05-09,183.46200561523438,183.55146169147778,181.01676669426374,181.46406224266897,48983000
2024-05-10,182.19790649414062,184.22840362497325,181.2821909106075,184.03928564367934,50759500
2024-05-13,185.41287231445312,186.22906253508128,183.76059590764,184.57678612826817,72044800
2024-05-14,186.55751037597656,187.4234708736874,185.42281765723527,186.63713980034996,52393600
2024-05-15,188.8368682861328,189.76253191302303,186.49780129168897,187.03529613574696,70400000
2024-05-16,188.956298828125,190.21044329921963,188.77714401097435,189.58337106367233,52845200
2024-05-17,188.98617553710938,189.9218023921439,188.29938496531759,188.62785068172937,41282900
2024-05-20,190.15072631835938,191.02663488992152,188.1301769262196,188.44869465688268,44361300
2024-05-21,191.4546356201172,191.83285642957057,190.03128423275254,190.20049107683238,42309400
2024-05-22,190.01136779785156,191.92244369758092,189.38431073139583,191.37500087150013,34648500
2024-05-23,186.0100860595703,190.11090276702717,185.76124979940406,190.09099161364105,51005900
2024-05-24,189.0956573486328,189.6928704821682,187.16468542966413,187.94106857836448,36327000
2024-05-28,189.10562133789062,192.10160462638697,188.21976480489596,190.61853495727325,52280100
2024-05-29,189.4042205810547,191.35510374397245,188.6278525845266,188.7273931739324,53068000
2024-05-30,190.39956665039062,191.2854232244703,189.7426503955058,189.8720349370489,49889100
2024-05-31,191.3551025390625,191.67362027294615,189.02599856414395,190.5488754083416,75158300
2024-06-03,193.12681579589844,194.08235381042343,191.62385010600926,192.00207093054578,50080500
2024-06-04,193.44532775878906,194.41081372828987,192.13146492648488,193.73397115741048,47471400
2024-06-05,194.95823669433594,195.9834409155792,193.96289161058436,194.49042328995185,54156800
2024-06-06,193.57470703125,195.58530834672572,193.2661524862918,194.77908126144504,41181800
2024-06-07,195.97349548339844,196.02326577578603,193.23629646745044,193.7439169991778,53103900
2024-06-10,192.22103881835938,196.3815891899795,191.25555286655262,195.98344204153506,97010200
2024-06-11,206.18572998046875,206.19569315156764,192.72867525564521,192.74857122232135,172373300
2024-06-12,212.07818603515625,219.17498621319098,205.9368934525013,206.40470686074582,198134300
2024-06-13,213.24273681640625,215.74104751612717,210.61502639534655,213.74040935969603,97862700
2024-06-14,211.50088500976562,214.16840257809503,210.31642191496232,212.85455494843214,70122700
2024-06-17,215.6614227294922,217.9308083607288,211.72981259041407,212.37678083551464,93728300
2024-06-18,213.29248046875,217.61228945527094,212.008492058615,216.5771221156608,79943300
2024-06-20,208.70394897460938,213.24273529474334,207.87782592387282,212.93416556238657,86172500
2024-06-21,206.524169921875,210.9036824915187,206.14593390610847,209.41066477171813,241805100
2024-06-24,207.171142578125,211.70991411236912,205.6283545307824,206.75309943026167,80727000
2024-06-25,208.0968017578125,210.3960464470149,207.6389363414956,208.1764159984445,55549700
2024-06-26,212.25733947753906,213.8598456726642,209.65948819693895,210.51548557795786,66213200
2024-06-27,213.1033935546875,214.73575892320002,211.36153961685812,213.69064352295018,49772700
2024-06-28,209.6395721435547,215.0642148828325,209.3210696212814,214.76560832661605,82542700
2024-07-01,215.7410430908203,216.4974998735104,210.933524598722,211.10273143743845,60402900
2024-07-02,219.2446746826172,219.35416325375095,214.09874221485333,215.1438424446849,58046200
2024-07-03,220.51870727539062,220.51870727539062,218.01043340115498,218.97591935149836,37369800
2024-07-05,225.28640747070312,225.39589603978789,220.61823649717394,220.61823649717394,60412400
2024-07-08,226.75953674316406,226.78939588229815,222.21080217009418,226.0329238568709,59085900
2024-07-09,227.61550903320312,228.33215871662,225.3162642938077,226.8690002119573,48076100
2024-07-10,231.89549255371094,231.9950331368443,228.1828596567971,228.23262994836378,62627700
2024-07-11,226.5106964111328,231.30825199534104,224.7190721562944,230.31290687462652,64710600
2024-07-12,229.46682739257812,231.55705794741596,227.61548510301753,227.85437336829477,53046500
2024-07-15,233.3088836669922,236.12571210202407,232.00498402552307,235.37920328245679,62631300
2024-07-16,233.72694396972656,235.17019132901206,231.2485291999769,233.90609879782943,43234300
2024-07-17,227.81460571289062,230.38259805534622,225.58502708071103,228.3819445580284,57345900
2024-07-18,223.13644409179688,229.3673137711516,221.2353466054131,229.20805491946456,66034600
2024-07-19,223.265869140625,225.7442840425332,222.24066484667273,223.77350488950745,49151500
2024-07-22,222.91749572753906,226.7197061195605,222.0515351611177,225.95328613844396,48201800
2024-07-23,223.9626007080078,225.88362469345716,221.6434447483752,223.32558043665784,39960300
2024-07-24,217.522705078125,223.75357494115906,216.1192800710717,222.9572958470105,61777600
2024-07-25,216.47760009765625,219.8219600686179,213.62094948036474,217.91088420998827,51391200
2024-07-26,216.94541931152344,218.46829606182757,215.0044842643322,217.6819649471348,41601300
2024-07-29,217.22412109375,218.27918447457574,214.74570631572197,215.95008057489312,36311800
2024-07-30,217.78150939941406,219.30438617677734,215.11397665237357,218.16969337819762,41643800
2024-07-31,221.04623413085938,222.77814001369308,219.60298682237814,220.40921389598267,50036300
2024-08-01,217.34356689453125,223.43507433375405,216.00980804268707,223.32558576007955,62501000
2024-08-02,218.83657836914062,224.54986481713928,216.69659243938975,218.12987665236415,105568600
2024-08-05,208.29586791992188,212.506173331003,195.0876345333798,198.16324716744046,119548600
2024-08-06,206.26535034179688,209.01251239840335,200.13403637997632,204.34434168651262,69660500
2024-08-07,208.84332275390625,212.64553325809877,205.4292810556757,205.9369016050796,63516400
2024-08-08,212.3170623779297,213.2029189157903,207.85792055043288,212.1179963940502,47161100
2024-08-09,215.23342895507812,215.77090862412464,210.98330114399806,211.11270086651854,42201600
2024-08-12,216.76803588867188,218.7410960979999,214.8448035806853,215.31315848368175,38028100
2024-08-13,220.49493408203125,221.11275746457662,218.2428407360094,218.2428407360094,44155300
2024-08-14,220.943359375,222.24876826808693,218.93043078284688,219.7973936824548,41960600
2024-08-15,223.93284606933594,224.56064415441705,221.97970491871703,223.81327127421198,46414000
2024-08-16,225.25819396972656,226.03546056539557,222.86659157853387,223.1356500786779,44340200
2024-08-19,225.09873962402344,225.19839542072495,222.2587166767679,224.92933693390268,40687800
2024-08-20,225.71656799316406,226.3742597731608,224.66028342820331,224.9791698204466,30299000
2024-08-21,225.60696411132812,227.18143154067607,224.26170199000447,225.7265541171402,34765500
2024-08-22,223.74351501464844,227.5401669123529,223.11571691317775,226.9920904114928,43695300
2024-08-23,226.04542541503906,227.42059644239848,223.5442228703079,224.86956599566977,38677300
2024-08-26,226.3842315673828,226.48388737170686,223.1057623977585,225.9657045588355,30602200
2024-08-27,227.23126220703125,228.0483972344343,224.10226151212836,225.208374045966,35934600
2024-08-28,225.6966552734375,229.05484595642545,224.88947977262964,227.12163896438045,38052200
2024-08-29,228.98507690429688,232.10411789712717,228.07827604001008,229.294003797999,51906300
2024-08-30,228.19784545898438,229.5929353752877,226.68316554604098,229.38367949051207,52990800
2024-09-03,221.9896697998047,228.19784265919515,220.39526831044307,227.7494219919808,50190600
2024-09-04,220.07640075683594,221.00313580397116,216.71819503548093,220.88356101217042,43840200
2024-09-05,221.60104370117188,224.6901757794695,220.744055533832,220.85367082984084,36615400
2024-09-06,220.0465087890625,224.4510243839852,219.00018373655976,223.16553454066073,48423000
2024-09-09,220.13619995117188,220.49493955114087,215.95091475509392,220.04651885251477,67180000
2024-09-10,219.3389892578125,220.70418549359823,215.97082401031443,218.15315521125123,51591000
2024-09-11,221.88006591796875,222.3085524071335,217.126770108234,220.6842723421212,44587100
2024-09-12,221.9896697998047,222.7669363444001,219.05000630879996,221.72061131734026,37455600
2024-09-13,221.7206268310547,223.25522582753553,221.13269713278441,222.7968456308755,36766600
2024-09-16,215.56228637695312,216.45912779468063,213.1706839207783,215.7815017768951,59357400
2024-09-17,216.03060913085938,216.1402244248995,213.74863736172932,214.99425879157621,45519300
2024-09-18,219.91697692871094,221.92990559819444,216.77800151948543,216.7879762232403,59894900
2024-09-19,228.0683135986328,229.01499812075548,223.84317512238368,224.20191472936153,66781300
2024-09-20,227.40065002441406,232.27352055331795,226.82267984404155,229.1644542640561,318679900
2024-09-23,225.67672729492188,228.64628476177805,225.01903547850176,226.54367501316779,54146000
2024-09-24,226.57354736328125,228.54662262661762,224.93929267987525,227.8490624720206,43556100
2024-09-25,225.57705688476562,226.49383244586693,223.2352976856936,224.1420985437932,42308700
2024-09-26,226.72303771972656,227.69960067739044,224.62042810744603,226.50380712846774,36636700
2024-09-27,226.99208068847656,228.71603171782343,226.50380681299467,227.6597471643239,34026000
2024-09-30,232.18385314941406,232.18385314941406,228.84558136748996,229.23421467656505,54541900
2024-10-01,225.41763305664062,228.84557057238277,222.9562838134916,228.71603627902877,63285000
2024-10-02,225.98562622070312,226.57355589970402,222.2388023482828,225.09874435066007,32880600
2024-10-03,224.8795166015625,226.01552277761738,222.53775735368686,224.35137431302277,34044200
2024-10-04,226.00555419921875,227.20134772512517,223.3449086623416,227.10169192907478,37245100
2024-10-07,220.91346740722656,224.8994562199718,220.55472780586587,223.7136221153256,39505400
2024-10-08,224.97918701171875,225.18844291794565,222.46800969960725,223.51433484676548,31855700
2024-10-09,228.73594665527344,228.94521774486736,224.04245364435144,224.44104641791938,33591100
2024-10-10,228.23770141601562,228.6960967971132,226.3742566041183,226.98212047614993,28183500
2024-10-11,226.75294494628906,228.60643037956845,226.54367384020586,228.4968150773993,31759200
2024-10-14,230.48980712890625,230.91829362955485,227.79926770980506,227.89890830734765,39882100
2024-10-15,233.03086853027344,236.65811760908664,231.5560417756155,232.79170373632726,64751400
2024-10-16,230.96810913085938,231.3069145139278,229.0349022193022,230.78874694170784,34082200
2024-10-17,231.33682250976562,233.0308799404877,229.71254238803704,232.6123377292532,32993800
2024-10-18,234.1768341064453,235.35269346424636,233.19029643777657,235.35269346424636,46431500
2024-10-21,235.65164184570312,236.0203561309456,233.6287538470191,233.6287538470191,36254500
2024-10-22,235.03382873535156,235.3925683333293,231.7852533575211,233.07072804715946,38846600
2024-10-23,229.95169067382812,234.31635331873264,226.96219904424217,233.26006870913344,52287000
2024-10-24,229.76235961914062,230.0114839114603,227.60992208421712,229.17441473320775,31109500
2024-10-25,230.59942626953125,232.4030838122294,228.7658750265385,228.93527772998817,38802300
2024-10-28,232.5824432373047,233.9077863541258,231.73542973016842,232.50273684103132,36087100
2024-10-29,232.85150146484375,233.50919327337175,231.50623935322642,232.28350596136286,35417200
2024-10-30,229.29400634765625,232.65219696606212,228.74592985962587,231.79520878623467,47070900
2024-10-31,225.11868286132812,229.02495000446748,224.5805658660821,228.53666090957242,64370100
2024-11-01,222.12918090820312,224.56063636026596,219.4984290694042,220.1959740256502,65276700
2024-11-04,221.23233032226562,222.0095968952219,218.94039900502227,220.21591416091667,44944500
2024-11-05,222.66729736328125,223.1655459656629,220.36539125313263,221.02308305755813,28111300
2024-11-06,221.93984985351562,225.27812143912794,220.41521040716108,221.83023455712816,54561100
2024-11-07,226.6831817626953,227.081789771112,223.7833864288354,223.8431738287627,42137700
2024-11-08,226.41383361816406,228.10973956989392,225.8651541338214,226.6233197345054,38328800
2024-11-11,223.69039916992188,225.15686291743452,220.96697301971395,224.4585504714927,42005600
2024-11-12,223.69039916992188,225.04712701721013,222.82249764582772,224.00963641496367,40398300
2024-11-13,224.5782470703125,226.10456392944064,222.2239257676591,223.4709176605461,48566200
2024-11-14,227.67079162597656,228.31922131738446,224.45853931227538,224.47849544461576,44923900
2024-11-15,224.4585418701172,226.3739196007606,223.73030286311794,225.8551667084814,47923700
2024-11-18,227.4712677001953,229.18712968944305,224.62812021676072,224.70792952115227,44633700
2024-11-19,227.73065185546875,229.60613257977118,226.11455519341968,226.43377721041003,36211800
2024-11-20,228.44891357421875,229.37666823104936,225.34639715216647,227.51117324017346,35169600
2024-11-21,227.97007751464844,229.60613029336434,225.16684213362325,228.3292117939797,42108300
2024-11-22,229.3168182373047,230.16477882059493,227.51117639639193,227.51117639639193,38168300
2024-11-25,232.30960083007812,232.68869124314412,229.1871434272115,230.9030055193102,90152800
2024-11-26,234.49432373046875,235.00310615337486,232.76849125195545,232.76849125195545,45986200
2024-11-27,234.36463928222656,235.12282010257627,233.24733940643014,233.9057547855541,33498400
2024-11-29,236.7588653564453,237.2377059705746,233.40695061340287,234.24492549364632,28481400
2024-12-02,239.013427734375,240.21053691361496,236.58928278806928,236.69901868412032,48137100
2024-12-03,242.06607055664062,242.1758064568113,238.32509471728144,239.232908507596,38861000
2024-12-04,242.42520141601562,243.5225604021956,240.66944226019712,242.28553892887177,44383900
2024-12-05,242.4551239013672,243.95151419061432,241.54732536132988,243.40284992887905,40033900
2024-12-06,242.25559997558594,244.04130085085734,241.49743440151175,242.32543882662802,36870600
2024-12-09,246.1562042236328,246.64503053466012,241.16823655952678,241.24804586880077,44649200
2024-12-10,247.1737518310547,247.612695417372,244.7495916510093,246.2958646584201,36914800
2024-12-11,245.89683532714844,250.19646101706442,245.66737785476369,247.3632990378159,45205800
2024-12-12,247.36329650878906,248.1414182384854,245.08876927344312,246.2958641332418,32777500
2024-12-13,247.5328826904297,248.69007959411312,245.647431564018,247.223631137632,33155300
2024-12-16,250.43588256835938,250.77507595019196,247.05404098232512,247.3932343641577,51694800
2024-12-17,252.8699951171875,253.21915892963332,249.1789022262073,249.47818331943677,51356400
2024-12-18,247.4530792236328,253.66808268004456,247.14382766353577,251.55318925842403,56774100
2024-12-19,249.1888885498047,251.3935770141874,246.49538898335234,246.90440599607692,60882300
2024-12-20,253.87759399414062,254.3863612366688,245.09876750312787,247.44310326755718,147495300
2024-12-23,254.6557159423828,255.03479114956258,252.8400883307868,254.15691915529422,40858800
2024-12-24,257.57867431640625,257.58862955018265,254.67565812568793,254.87518901917565,23234700
2024-12-26,258.39666748046875,259.47408555117545,257.0100282923795,257.56867823862046,27237100
2024-12-27,254.9749298095703,258.0774615569102,252.4510193654514,257.20952960207876,42355300
2024-12-30,251.59307861328125,252.88995321263158,250.14657107718884,251.62300520062965,35557500
